{"cameraMode":{"drawMode":0,"name":"Shaded","section":"Shading Mode"},"sceneLighting":false,"audioPlay":false,"sceneViewState":{"showFog":true,"showMaterialUpdate":false,"showSkybox":false,"showFlares":true,"showImageEffects":true,"showParticleSystems":true},"in2DMode":false,"pivot":{"x":-5.0,"y":12.80000114440918,"z":-0.0000014901161193847657},"rotation":{"x":0.0830499604344368,"y":-0.7485041618347168,"z":0.09549641609191895,"w":0.6509414315223694},"size":43.718753814697269,"orthographic":false}